id,mean,sd,n,groups
A,1.28868412,0.261579059,20,"a,b,"
B,1.378158095,0.269093238,20,"a,"
C,1.3459760269999999,0.294123245,20,"a,"
D,1.124563385,0.315958499,20,"b,c,"
E,0.648890027,0.267577328,20,"d,"
F,0.9784277229999999,0.315225545,20,"c,"
G,0.684204703,0.283463621,20,"d,"
H,0.9692255999999999,0.340621977,20,"c,"
I,1.094948899,0.344912415,20,"b,c,"
J,0.6775428520000001,0.270195965,20,"d,"
