id,mean,sd,n
A,1.28868412,0.261579059,20
B,1.378158095,0.269093238,20
C,1.345976027,0.294123245,20
D,1.124563385,0.315958499,20
E,0.648890027,0.267577328,20
F,0.978427723,0.315225545,20
G,0.684204703,0.283463621,20
H,0.9692256,0.340621977,20
I,1.094948899,0.344912415,20
J,0.677542852,0.270195965,20
